1,old,SmallDotNative,468.2
1,new,SmallDotNative,459.6
1,old,SmallDotHand,473.6
1,new,SmallDotHand,472.3
1,old,G2CentroidNative,31651
1,new,G2CentroidNative,32883
1,old,G2Centroid,32140
1,new,G2Centroid,32325
1,old,G3SumF64Native,31562
1,new,G3SumF64Native,31799
1,old,G3SumF64,31950
1,new,G3SumF64,31240
1,old,G3WordTallyNative,1894874
1,new,G3WordTallyNative,2081205
1,old,G4WordCountNativeInc,1910776
1,new,G4WordCountNativeInc,1930486
1,old,G4WordCountIncr,2129380
1,new,G4WordCountIncr,1921514
1,old,G4WordCountNative,2416467
1,new,G4WordCountNative,2641763
1,old,G4WordCountReadWrite,2385822
1,new,G4WordCountReadWrite,2368581
1,old,G5NativeReport,2259
1,new,G5NativeReport,2138
1,old,G5NativeReportHand,1935
1,new,G5NativeReportHand,2253
1,old,StencilFreshNative,236844
1,new,StencilFreshNative,237149
1,old,StencilFreshRef,264148
1,new,StencilFreshRef,226799
1,old,StencilIntoNative,115548
1,new,StencilIntoNative,110323
1,old,StencilIntoRef,165209
1,new,StencilIntoRef,113186
1,old,SearchNative,2.738
1,new,SearchNative,3.051
1,old,SearchRef,2.677
1,new,SearchRef,2.755
1,old,SearchNativeLate,37028
1,new,SearchNativeLate,37372
1,old,SearchRefLate,37374
1,new,SearchRefLate,37086
1,old,TokGen,9190
1,new,TokGen,9486
1,old,TokHandBytes,8875
1,new,TokHandBytes,8836
1,old,TreeGen,4922
1,new,TreeGen,4769
1,old,TreeFlatClamped,6761
1,new,TreeFlatClamped,6802
1,old,TreeFlat,4729
1,new,TreeFlat,4814
1,old,TreeRec,8644
1,new,TreeRec,8819
2,new,SmallDotNative,455.5
2,old,SmallDotNative,455.4
2,new,SmallDotHand,475.9
2,old,SmallDotHand,471.3
2,new,G2CentroidNative,31807
2,old,G2CentroidNative,31535
2,new,G2Centroid,31519
2,old,G2Centroid,32092
2,new,G3SumF64Native,31812
2,old,G3SumF64Native,31346
2,new,G3SumF64,31115
2,old,G3SumF2,old,G3S2,new,G3WordTallyN2,new,G3SumF642,old,G2,old,G3SumF64,31794
2,new,G3WordTallyNative,1885342
2,old,G3WordTallyNative,1924510
2,new,G4WordCountIncr,1896366
2,old,G4WordCountIncr,1934548
2,new,G4WordCountNativeInc,1855646
2,old,G4WordCountNativeInc,1860356
2,new,G4WordCountIncr,1846040
2,old,G4WordCountIncr,1845729
2,new,G4WordCountNative,2240918
2,old,G4WordCountNative,2611305
2,new,G4WordCountReadWrite,2558902
2,old,G4WordCountReadWrite,2448993
2,new,G5NativeReport,2587
2,old,G5NativeReport,2262
2,new,G5NativeReportHand,2524
2,old,G5NativeReportHand,2411
2,new,StencilFreshNative,246148
2,old,StencilFreshNative,259782
2,new,StencilFreshRef,269520
2,old,StencilFreshRef,289793
2,new,StencilIntoNative,107439
2,old,StencilIntoNative,108322
2,new,StencilIntoRef,109813
2,old,StencilIntoRef,146834
2,new,SearchNative,3.090
2,old,SearchNative,2.773
2,new,SearchRef,2.850
2,old,SearchRef,2.745
2,new,SearchNativeLate,37330
2,old,SearchNativeLate,37820
2,new,SearchRefLate,38545
2,old,SearchRefLate,37950
2,new,TokGen,9606
2,old,TokGen,9670
2,new,TokHandBytes,9009
2,old,TokHandBytes,9227
2,new,TreeGen,4758
2,old,TreeGen,5027
2,new,TreeFlatClamped,6344
2,old,TreeFlatClamped,6391
2,new,TreeFlat,4727
2,old,TreeFlat,4803
2,new,TreeRec,8502
2,old,TreeRec,10554
3,old,SmallDotNative,550.7
3,new,SmallDotNative,539.0
3,old,SmallDotHand,538.7
3,new,SmallDotHand,479.8
3,old,G2CentroidNative,31866
3,new,G2CentroidNative,32099
3,old,G2Centroid,31779
3,new,G2Centroid,32135
3,old,G3SumF64Native,31491
3,new,G3SumF64Native,31018
3,old,G3SumF64,31455
3,new,G3SumF64,31535
3,old,G3WordTallyNative,1849826
3,new,G3WordTallyNative,1854613
3,old,G4WordCountIncr,1849499
3,new,G4WordCountIncr,1841046
3,old,G4WordCountNativeInc,1896165
3,new,G4WordCountNativeInc,1846303
3,old,G4WordCountIncr,2014657
3,new,G4WordCountIncr,1919929
3,old,G4WordCountNative,2342804
3,new,G4WordCountNative,2295713
3,old,G4WordCountReadWrite,2334315
3,new,G4WordCountReadWrite,2300889
3,old,G5NativeReport,2477
3,new,G5NativeReport,2224
3,old,G5NativeReportHand,2335
3,new,G5NativeReportHand,2407
3,old,StencilFreshNative,260757
3,new,StencilFreshNative,266820
3,old,StencilFreshRef,271221
3,new,StencilFreshRef,268920
3,old,StencilIntoNative,103441
3,new,StencilIntoNative,115577
3,old,StencilIntoRef,126945
3,new,StencilIntoRef,121502
3,old,SearchNative,2.868
3,new,SearchNative,3.104
3,old,SearchRef,2.715
3,new,SearchRef,3.443
3,old,SearchNativeLate,42340
3,new,SearchNativeLate,41274
3,old,SearchRefLate,41644
3,new,SearchRefLate,47383
3,old,TokGen,9509
3,new,TokGen,11315
3,old,TokHandBytes,9297
3,new,TokHandBytes,8965
3,old,TreeGen,5524
3,new,TreeGen,4810
3,old,TreeFlatClamped,6526
3,new,TreeFlatClamped,6660
3,old,TreeFlat,5280
3,new,TreeFlat,5053
3,old,TreeRec,9324
3,new,TreeRec,18141
4,new,SmallDotNative,552.3
4,old,SmallDotNative,516.7
4,new,SmallDotHand,621.2
4,old,SmallDotHand,560.6
4,new,G2CentroidNative,33655
4,old,G2CentroidNative,34016
4,new,G2Centroid,35386
4,old,G2Centroid,33386
4,new,G3SumF64Native,38233
4,old,G3SumF64Native,32267
4,new,G3SumF64,31904
4,old,G3SumF64,32817
4,new,G3WordTallyNative,1910100
4,old,G3WordTallyNative,1866049
4,new,G4WordCountIncr,1836737
4,old,G4WordCountIncr,2090436
4,new,G4WordCountNativeInc,2016730
4,old,G4WordCountNativeInc,2153015
4,new,G4WordCountIncr,2019286
4,old,G4WordCountIncr,2053703
4,new,G4WordCountNative,2501764
4,old,G4WordCountNative,2601728
4,new,G4WordCountReadWrite,2296309
4,old,G4WordCountReadWrite,2254915
4,new,G5NativeReport,3961
4,old,G5NativeReport,3883
4,new,G5NativeReportHand,3888
4,old,G5NativeReportHand,3728
4,new,StencilFreshNative,208441
4,old,StencilFreshNative,293960
4,new,StencilFreshRef,215863
4,old,StencilFreshRef,367109
4,new,StencilIntoNative,171555
4,old,StencilIntoNative,182723
4,new,StencilIntoRef,190211
4,old,StencilIntoRef,189518
4,new,SearchNative,3.194
4,old,SearchNative,2.831
4,new,SearchRef,2.919
4,old,SearchRef,2.673
4,new,SearchNativeLate,37144
4,old,SearchNativeLate,43502
4,new,SearchRefLate,44242
4,old,SearchRefLate,39344
4,new,TokGen,9459
,SmallDotNative,470.8
5,new,SmallDotNative,518.8
5,old,SmallDotHand,494.2
5,new,SmallDotHand,557.4
5,old,G2CentroidNative,32277
5,new,G2CentroidNative,31664
5,old,G2Centroid,32362
5,new,G2Centroid,31588
5,old,G3SumF64Native,31343
5,new,G3SumF64Native,31674
5,old,G3SumF64,30482
5,new,G3SumF64,30741
5,old,G3WordTallyNative,1890375
5,new,G3WordTallyNative,1856743
5,old,G4WordCountNativeInc,1984637
5,new,G4WordCountNativeInc,1812611
5,old,G4WordCountIncr,1893264
5,new,G4WordCountIncr,1947617
5,old,G4WordCountNative,2373540
5,new,G4WordCountNative,2328493
5,old,G4WordCountReadWrite,2278626
5,new,G4WordCountReadWrite,2361894
5,old,G5NativeReport,3236
5,new,G5NativeReport,3445
5,old,G5NativeReportHand,3243
5,new,G5NativeReportHand,3194
5,old,StencilFreshNative,365270
5,new,StencilFreshNative,369035
5,old,StencilFreshRef,391302
5,new,StencilFreshRef,388265
5,old,StencilIntoNative,142303
5,new,StencilIntoNative,143475
5,old,StencilIntoRef,148065
5,new,StencilIntoRef,149674
5,old,SearchNative,2.818
5,new,SearchNative,3.043
5,old,SearchRef,2.784
5,new,SearchRef,2.800
5,old,SearchNativeLate,38333
5,new,SearchNativeLate,39422
5,old,SearchRefLate,38943
5,new,SearchRefLate,41690
5,old,TokGen,21008
5,new,TokGen,11137
5,old,TokHandBytes,10934
5,new,TokHandBytes,10685
5,old,TreeGen,5661
5,new,TreeGen,4875
5,old,TreeFlatClamped,6253
5,new,TreeFlatClamped,6590
5,old,TreeFlat,4824
5,new,TreeFlat,4874
5,old,TreeRec,16923
5,new,TreeRec,10031
