1,old,NativeBench:dot_n=65536_hand-written,31374.6
1,new,NativeBench:dot_n=65536_hand-written,31178.6
1,old,NativeBench:dot_n=65536_hand_/long_counter,33596.4
1,new,NativeBench:dot_n=65536_hand_/long_counter,33054.0
1,old,NativeBench:dot_n=65536_GENERATED,31121.8
1,new,NativeBench:dot_n=65536_GENERATED,30753.2
1,old,NativeBench:dot_n=1024_hand-written,468.9
1,new,NativeBench:dot_n=1024_hand-written,462.2
1,old,NativeBench:dot_n=1024_hand_/long_counter,492.9
1,new,NativeBench:dot_n=1024_hand_/long_counter,544.4
1,old,NativeBench:dot_n=1024_GENERATED,480.6
1,new,NativeBench:dot_n=1024_GENERATED,491.7
1,old,NativeBench:centroid_hand-written,31679.4
1,new,NativeBench:centroid_hand-written,33207.4
1,old,NativeBench:centroid_hand_/long_counter,32712.8
1,new,NativeBench:centroid_hand_/long_counter,33307.2
1,old,NativeBench:centroid_GENERATED,31483.4
1,new,NativeBench:centroid_GENERATED,31552.4
1,old,NativeBench:wordcount_hand_/unfused,3379456.0
1,new,NativeBench:wordcount_hand_/unfused,3429956.0
1,old,NativeBench:wordcount_hand_/FUSED_merge,6947933.5
1,new,NativeBench:wordcount_hand_/FUSED_merge,7257110.0
1,old,NativeBench:wordcount_hand_/long_counter,7880096.5
1,new,NativeBench:wordcount_hand_/long_counter,7511599.5
1,old,NativeBench:wordcount_hand_/Integer_unfused,8190531.5
1,new,NativeBench:wordcount_hand_/Integer_unfused,8176223.0
1,old,NativeBench:wordcount_hand_/Integer_MERGE,7275697.5
1,new,NativeBench:wordcount_hand_/Integer_MERGE,7524749.0
1,old,NativeBench:wordcount_GENERATED,8341342.5
1,new,NativeBench:wordcount_GENERATED,8947311.5
1,old,NativeBench:search_early_hand-written,4.1
1,new,NativeBench:search_early_hand-written,4.1
1,old,NativeBench:search_early_hand_/long_counter,5.0
1,new,NativeBench:search_early_hand_/long_counter,5.0
1,old,NativeBench:search_early_GENERATED,4.1
1,new,NativeBench:search_early_GENERATED,4.1
1,old,NativeBench:search_late_hand-written,17701.3
1,new,NativeBench:search_late_hand-written,17087.7
1,old,NativeBench:search_late_hand_/long_counter,28403.9
1,new,NativeBench:search_late_hand_/long_counter,26793.3
1,old,NativeBench:search_late_hand_/result+break,26695.0
1,new,NativeBench:search_late_hand_/result+break,28298.6
1,old,NativeBench:search_late_GENERATED,17017.0
1,new,NativeBench:search_late_GENERATED,16772.0
1,old,NativeBench2:sum-of_hand-written,29542.9
1,new,NativeBench2:sum-of_hand-written,29519.5
1,old,NativeBench2:sum-of_GENERATED,29371.4
1,new,NativeBench2:sum-of_GENERATED,29382.6
1,old,NativeBench2:alloc_hand-written,91642.4
1,new,NativeBench2:alloc_hand-written,91915.2
1,old,NativeBench2:alloc_GENERATED,96108.6
1,new,NativeBench2:alloc_GENERATED,93730.4
1,old,NativeBench2:build_GENERATED,92660.6
1,new,NativeBench2:build_GENERATED,93036.4
1,old,NativeBench2:into_(reuse)_hand-written,59051.6
1,new,NativeBench2:into_(reuse)_hand-written,63408.8
1,old,NativeBench2:into_(reuse)_GENERATED,60384.2
1,new,NativeBench2:into_(reuse)_GENERATED,59250.8
1,old,JsonTokBench:J_tokenize_String_hand,8214.5
1,new,JsonTokBench:J_tokenize_String_hand,8298.6
1,old,JsonTokBench:J_tokenize_byte[]_hand,7995.6
1,new,JsonTokBench:J_tokenize_byte[]_hand,7583.8
1,old,JsonTokBench:J_tokenize_long[]_hand,7691.4
1,new,JsonTokBench:J_tokenize_long[]_hand,7647.1
1,old,JsonTokBench:J_tokenize_long[]/long_idx_hand,8961.5
1,new,JsonTokBench:J_tokenize_long[]/long_idx_hand,9021.7
1,old,JsonTokBench:J_tokenize_short[]_hand,7475.9
1,new,JsonTokBench:J_tokenize_short[]_hand,7473.6
1,old,JsonTokBench:J_tokenize_short[]_GEN,8743.9
1,new,JsonTokBench:J_tokenize_short[]_GEN,8025.0
1,old,JsonTreeBench:T_tree_recursive_hand,4170.6
1,new,JsonTreeBench:T_tree_recursive_hand,4276.0
1,old,JsonTreeBench:T_tree_flat_hand,6480.4
1,new,JsonTreeBench:T_tree_flat_hand,6354.5
1,old,JsonTreeBench:T_tree_flat_int[]_hand,5343.0
1,new,JsonTreeBench:T_tree_flat_int[]_hand,5236.0
1,old,JsonTreeBench:T_tree_flat_GEN,6457.8
1,new,JsonTreeBench:T_tree_flat_GEN,5139.8
2,new,NativeBench:dot_n=65536_hand-written,29764.6
2,old,NativeBench:dot_n=65536_hand-written,32482.8
2,new,NativeBench:dot_n=65536_hand_/long_counter,33340.0
2,old,NativeBench:dot_n=65536_hand_/long_counter,33482.6
2,new,NativeBench:dot_n=65536_GENERATED,30546.0
2,old,NativeBench:dot_n=65536_GENERATED,31605.2
2,new,NativeBench:dot_n=1024_hand-written,458.1
2,old,NativeBench:dot_n=1024_hand-written,457.7
2,new,NativeBench:dot_n=1024_hand_/long_counter,504.1
2,old,NativeBench:dot_n=1024_hand_/long_counter,504.2
2,new,NativeBench:dot_n=1024_GENERATED,452.1
2,old,NativeBench:dot_n=1024_GENERATED,456.8
2,new,NativeBench:centroid_hand-written,30521.4
2,old,NativeBench:centroid_hand-written,34947.6
2,new,NativeBench:centroid_hand_/long_counter,31848.4
2,old,NativeBench:centroid_hand_/long_counter,32198.8
2,new,NativeBench:centroid_GENERATED,29870.6
2,old,NativeBench:centroid_GENERATED,32135.8
2,new,NativeBench:wordcount_hand_/unfused,8497306.5
2,old,NativeBench:wordcount_hand_/unfused,8685983.0
2,new,NativeBench:wordcount_hand_/FUSED_merge,7216911.0
2,old,NativeBench:wordcount_hand_/FUSED_merge,7424357.5
2,new,NativeBench:wordcount_hand_/long_counter,8812982.0
2,old,NativeBench:wordcount_hand_/long_counter,8928697.0
2,new,NativeBench:wordcount_hand_/Integer_unfused,8894791.5
2,old,NativeBench:wordcount_hand_/Integer_unfused,8113781.5
2,new,NativeBench:wordcount_hand_/Integer_MERGE,7452018.0
2,old,NativeBench:wordcount_hand_/Integer_MERGE,7257331.0
2,new,NativeBench:wordcount_GENERATED,9116422.5
2,old,NativeBench:wordcount_GENERATED,8589968.5
2,new,NativeBench:search_early_hand-written,4.0
2,old,NativeBench:search_early_hand-written,4.1
2,new,NativeBench:search_early_hand_/long_counter,5.0
2,old,NativeBench:search_early_hand_/long_counter,4.8
2,new,NativeBench:search_early_GENERATED,4.1
2,old,NativeBench:search_early_GENERATED,4.1
2,new,NativeBench:search_late_hand-written,16763.7
2,old,NativeBench:search_late_hand-written,16791.6
2,new,NativeBench:search_late_hand_/long_counter,26650.1
2,old,NativeBench:search_late_hand_/long_counter,26951.2
2,new,NativeBench:search_late_hand_/result+break,27299.5
2,old,NativeBench:search_late_hand_/result+break,26688.6
2,new,NativeBench:search_late_GENERATED,16814.2
2,old,NativeBench:search_late_GENERATED,16800.8
2,new,NativeBench2:sum-of_hand-written,29610.2
2,old,NativeBench2:sum-of_hand-written,29441.3
2,new,NativeBench2:sum-of_GENERATED,29362.4
2,old,NativeBench2:sum-of_GENERATED,29346.6
2,new,NativeBench2:alloc_hand-written,90292.4
2,old,NativeBench2:alloc_hand-written,90310.0
2,new,NativeBench2:alloc_GENERATED,91777.6
2,old,NativeBench2:alloc_GENERATED,91457.0
2,new,NativeBench2:build_GENERATED,91777.4
2,old,NativeBench2:build_GENERATED,91647.0
2,new,NativeBench2:into_(reuse)_hand-written,59138.2
2,old,NativeBench2:into_(reuse)_hand-written,59125.6
2,new,NativeBench2:into_(reuse)_GENERATED,58651.8
2,old,NativeBench2:into_(reuse)_GENERATED,58859.2
2,new,JsonTokBench:J_tokenize_String_hand,8289.0
2,old,JsonTokBench:J_tokenize_String_hand,8319.1
2,new,JsonTokBench:J_tokenize_byte[]_hand,7575.7
2,old,JsonTokBench:J_tokenize_byte[]_hand,7397.1
2,new,JsonTokBench:J_tokenize_long[]_hand,7564.0
2,old,JsonTokBench:J_tokenize_long[]_hand,7621.4
2,new,JsonTokBench:J_tokenize_long[]/long_idx_hand,8966.2
2,old,JsonTokBench:J_tokenize_long[]/long_idx_hand,8888.6
2,new,JsonTokBench:J_tokenize_short[]_hand,7335.1
2,old,JsonTokBench:J_tokenize_short[]_hand,7272.0
2,new,JsonTokBench:J_tokenize_short[]_GEN,7963.3
2,old,JsonTokBench:J_tokenize_short[]_GEN,8387.3
2,new,JsonTreeBench:T_tree_recursive_hand,4036.9
2,old,JsonTreeBench:T_tree_recursive_hand,4173.4
2,new,JsonTreeBench:T_tree_flat_hand,6274.2
2,old,JsonTreeBench:T_tree_flat_hand,6312.0
2,new,JsonTreeBench:T_tree_flat_int[]_hand,5201.9
2,old,JsonTreeBench:T_tree_flat_int[]_hand,5159.7
2,new,JsonTreeBench:T_tree_flat_GEN,5058.8
2,old,JsonTreeBench:T_tree_flat_GEN,6500.7
3,old,NativeBench:dot_n=65536_hand-written,29432.0
3,new,NativeBench:dot_n=65536_hand-written,29779.6
3,old,NativeBench:dot_n=65536_hand_/long_counter,31706.6
3,new,NativeBench:dot_n=65536_hand_/long_counter,32566.0
3,old,NativeBench:dot_n=65536_GENERATED,29758.0
3,new,NativeBench:dot_n=65536_GENERATED,29827.2
3,old,NativeBench:dot_n=1024_hand-written,448.5
3,new,NativeBench:dot_n=1024_hand-written,439.6
3,old,NativeBench:dot_n=1024_hand_/long_counter,483.1
3,new,NativeBench:dot_n=1024_hand_/long_counter,486.6
3,old,NativeBench:dot_n=1024_GENERATED,441.8
3,new,NativeBench:dot_n=1024_GENERATED,446.1
3,old,NativeBench:centroid_hand-written,29428.2
3,new,NativeBench:centroid_hand-written,30821.6
3,old,NativeBench:centroid_hand_/long_counter,31774.4
3,new,NativeBench:centroid_hand_/long_counter,32146.8
3,old,NativeBench:centroid_GENERATED,29730.4
3,new,NativeBench:centroid_GENERATED,29427.6
3,old,NativeBench:wordcount_hand_/unfused,8688286.0
3,new,NativeBench:wordcount_hand_/unfused,8739296.0
3,old,NativeBench:wordcount_hand_/FUSED_merge,7398470.0
3,new,NativeBench:wordcount_hand_/FUSED_merge,7274894.0
3,old,NativeBench:wordcount_hand_/long_counter,8940107.5
3,new,NativeBench:wordcount_hand_/long_counter,8981690.0
3,old,NativeBench:wordcount_hand_/Integer_unfused,8941356.0
3,new,NativeBench:wordcount_hand_/Integer_unfused,8856073.5
3,old,NativeBench:wordcount_hand_/Integer_MERGE,7333037.5
3,new,NativeBench:wordcount_hand_/Integer_MERGE,7323943.0
3,old,NativeBench:wordcount_GENERATED,8780940.0
3,new,NativeBench:wordcount_GENERATED,9229312.0
3,old,NativeBench:search_early_hand-written,4.1
3,new,NativeBench:search_early_hand-written,4.1
3,old,NativeBench:search_early_hand_/long_counter,5.1
3,new,NativeBench:search_early_hand_/long_counter,5.1
3,old,NativeBench:search_early_GENERATED,3.9
3,new,NativeBench:search_early_GENERATED,4.1
3,old,NativeBench:search_late_hand-written,17046.1
3,new,NativeBench:search_late_hand-written,16939.1
3,old,NativeBench:search_late_hand_/long_counter,26401.2
3,new,NativeBench:search_late_hand_/long_counter,26256.0
3,old,NativeBench:search_late_hand_/result+break,26976.5
3,new,NativeBench:search_late_hand_/result+break,26633.3
3,old,NativeBench:search_late_GENERATED,16772.0
3,new,NativeBench:search_late_GENERATED,16662.5
3,old,NativeBench2:sum-of_hand-written,29368.9
3,new,NativeBench2:sum-of_hand-written,29335.1
3,old,NativeBench2:sum-of_GENERATED,29345.0
3,new,NativeBench2:sum-of_GENERATED,29672.4
3,old,NativeBench2:alloc_hand-written,90591.8
3,new,NativeBench2:alloc_hand-written,90461.8
3,old,NativeBench2:alloc_GENERATED,91221.0
3,new,NativeBench2:alloc_GENERATED,90917.6
3,old,NativeBench2:build_GENERATED,89172.2
3,new,NativeBench2:build_GENERATED,90928.8
3,old,NativeBench2:into_(reuse)_hand-written,58777.0
3,new,NativeBench2:into_(reuse)_hand-written,58615.8
3,old,NativeBench2:into_(reuse)_GENERATED,58656.6
3,new,NativeBench2:into_(reuse)_GENERATED,58575.6
3,old,JsonTokBench:J_tokenize_String_hand,8308.7
3,new,JsonTokBench:J_tokenize_String_hand,8187.9
3,old,JsonTokBench:J_tokenize_byte[]_hand,7419.9
3,new,JsonTokBench:J_tokenize_byte[]_hand,7387.5
3,old,JsonTokBench:J_tokenize_long[]_hand,7432.5
3,new,JsonTokBench:J_tokenize_long[]_hand,7570.0
3,old,JsonTokBench:J_tokenize_long[]/long_idx_hand,8889.3
3,new,JsonTokBench:J_tokenize_long[]/long_idx_hand,8855.9
3,old,JsonTokBench:J_tokenize_short[]_hand,7254.8
3,new,JsonTokBench:J_tokenize_short[]_hand,7201.5
3,old,JsonTokBench:J_tokenize_short[]_GEN,8387.4
3,new,JsonTokBench:J_tokenize_short[]_GEN,7903.1
3,old,JsonTreeBench:T_tree_recursive_hand,4026.5
3,new,JsonTreeBench:T_tree_recursive_hand,4073.7
3,old,JsonTreeBench:T_tree_flat_hand,6279.8
3,new,JsonTreeBench:T_tree_flat_hand,6198.1
3,old,JsonTreeBench:T_tree_flat_int[]_hand,5133.7
3,new,JsonTreeBench:T_tree_flat_int[]_hand,5115.1
3,old,JsonTreeBench:T_tree_flat_GEN,6449.5
3,new,JsonTreeBench:T_tree_flat_GEN,4972.9
