1,old,native:g1-dot-hand,51250.0
1,new,native:g1-dot-hand,49738.5
1,old,native:g1-dot-native,51021.5
1,new,native:g1-dot-native,52434.5
1,old,native:g2-centroid-hand,54958.5
1,new,native:g2-centroid-hand,55212.0
1,old,native:g2-centroid-native,53775.5
1,new,native:g2-centroid-native,52717.0
1,old,native:g3-sum-hand,41635.0
1,new,native:g3-sum-hand,44023.0
1,old,native:g3-sum-native,39348.0
1,new,native:g3-sum-native,41328.5
1,old,native:g4-map-hand,6770060.0
1,new,native:g4-map-hand,6810615.0
1,old,native:g4-object-hand,6019720.0
1,new,native:g4-object-hand,6110195.0
1,old,native:g4-tally-native,5557695.0
1,new,native:g4-tally-native,5553720.0
1,old,native:g4-generic-native,14237285.0
1,new,native:g4-generic-native,13668105.0
1,old,native:s-early-hand,6.5
1,new,native:s-early-hand,4.6
1,old,native:s-early-native,7.3
1,new,native:s-early-native,7.6
1,old,native:s-late-hand,80780.0
1,new,native:s-late-hand,83458.0
1,old,native:s-late-native,88170.0
1,new,native:s-late-native,86573.5
1,old,native:g7-alloc-hand,232389.0
1,new,native:g7-alloc-hand,250319.0
1,old,native:g7-alloc-native,246395.0
1,new,native:g7-alloc-native,241757.0
1,old,native:g7-reuse-hand,93272.0
1,new,native:g7-reuse-hand,87780.5
1,old,native:g7-reuse-noalias,75437.5
1,new,native:g7-reuse-noalias,82898.0
1,old,native:g7-reuse-native,88240.0
1,new,native:g7-reuse-native,83205.5
1,old,jsontok:u8,9405.0
1,new,jsontok:u8,9359.5
1,old,jsontok:array,8244.9
1,new,jsontok:array,8101.2
1,old,jsontok:native,8825.9
1,new,jsontok:native,8756.7
1,old,jsontree:rec,10722.4
1,new,jsontree:rec,10414.1
1,old,jsontree:flat,8581.5
1,new,jsontree:flat,8599.3
1,old,jsontree:native,9115.9
1,new,jsontree:native,8638.8
2,new,native:g1-dot-hand,55587.5
2,old,native:g1-dot-hand,54948.5
2,new,native:g1-dot-native,51321.0
2,old,native:g1-dot-native,50579.0
2,new,native:g2-centroid-hand,53783.0
2,old,native:g2-centroid-hand,54529.0
2,new,native:g2-centroid-native,59282.5
2,old,native:g2-centroid-native,56000.0
2,new,native:g3-sum-hand,40630.5
2,old,native:g3-sum-hand,41246.5
2,new,native:g3-sum-native,40939.0
2,old,native:g3-sum-native,45875.0
2,new,native:g4-map-hand,19428635.0
2,old,native:g4-map-hand,18435370.0
2,new,native:g4-object-hand,16315670.0
2,old,native:g4-object-hand,16388970.0
2,new,native:g4-tally-native,14110745.0
2,old,native:g4-tally-native,14268955.0
2,new,native:g4-generic-native,14434720.0
2,old,native:g4-generic-native,15099350.0
2,new,native:s-early-hand,6.6
2,old,native:s-early-hand,6.1
2,new,native:s-early-native,7.7
2,old,native:s-early-native,8.3
2,new,native:s-late-hand,88480.5
2,old,native:s-late-hand,90859.0
2,new,native:s-late-native,88771.0
2,old,native:s-late-native,81394.0
2,new,native:g7-alloc-hand,267346.0
2,old,native:g7-alloc-hand,256337.0
2,new,native:g7-alloc-native,239825.5
2,old,native:g7-alloc-native,235882.5
2,new,native:g7-reuse-hand,89878.5
2,old,native:g7-reuse-hand,88614.5
2,new,native:g7-reuse-noalias,81853.5
2,old,native:g7-reuse-noalias,83659.5
2,new,native:g7-reuse-native,84267.0
2,old,native:g7-reuse-native,86445.5
2,new,jsontok:u8,9370.5
2,old,jsontok:u8,9472.1
2,new,jsontok:array,8079.7
2,old,jsontok:array,8205.2
2,new,jsontok:native,8248.6
2,old,jsontok:native,8830.5
2,new,jsontree:rec,11992.6
2,old,jsontree:rec,10811.5
2,new,jsontree:flat,8996.5
2,old,jsontree:flat,9067.0
2,new,jsontree:native,8983.3
2,old,jsontree:native,9524.0
3,old,native:g1-dot-hand,52315.0
3,new,native:g1-dot-hand,50871.0
3,old,native:g1-dot-native,53864.0
3,new,native:g1-dot-native,52766.5
3,old,native:g2-centroid-hand,57728.0
3,new,native:g2-centroid-hand,56251.0
3,old,native:g2-centroid-native,56447.0
3,new,native:g2-centroid-native,55219.0
3,old,native:g3-sum-hand,41952.5
3,new,native:g3-sum-hand,42804.5
3,old,native:g3-sum-native,40817.0
3,new,native:g3-sum-native,41275.0
3,old,native:g4-map-hand,18926285.0
3,new,native:g4-map-hand,18517360.0
3,old,native:g4-object-hand,15548275.0
3,new,native:g4-object-hand,16595310.0
3,old,native:g4-tally-native,14482920.0
3,new,native:g4-tally-native,14427865.0
3,old,native:g4-generic-native,13838555.0
3,new,native:g4-generic-native,13910800.0
3,old,native:s-early-hand,6.3
3,new,native:s-early-hand,6.4
3,old,native:s-early-native,8.1
3,new,native:s-early-native,8.3
3,old,native:s-late-hand,86402.5
3,new,native:s-late-hand,83364.5
3,old,native:s-late-native,81413.0
3,new,native:s-late-native,89664.0
3,old,native:g7-alloc-hand,253929.0
3,new,native:g7-alloc-hand,225623.5
3,old,native:g7-alloc-native,257956.0
3,new,native:g7-alloc-native,234238.0
3,old,native:g7-reuse-hand,93092.5
3,new,native:g7-reuse-hand,93249.5
3,old,native:g7-reuse-noalias,83304.0
3,new,native:g7-reuse-noalias,102175.5
3,old,native:g7-reuse-native,84216.5
3,new,native:g7-reuse-native,89727.0
3,old,jsontok:u8,10259.0
3,new,jsontok:u8,10177.1
3,old,jsontok:array,8653.5
3,new,jsontok:array,8207.9
3,old,jsontok:native,8971.8
3,new,jsontok:native,8402.5
3,old,jsontree:rec,12008.4
3,new,jsontree:rec,11053.5
3,old,jsontree:flat,8864.0
3,new,jsontree:flat,9324.5
3,old,jsontree:native,10005.0
3,new,jsontree:native,9234.8
