1,old,G5NativeReport,2640
1,new,G5NativeReport,2739
1,old,G5NativeReportHand,2699
1,new,G5NativeReportHand,2733
1,old,StencilFreshNative,341150
1,new,StencilFreshNative,311774
1,old,StencilFreshRef,497610
1,new,StencilFreshRef,575509
1,old,StencilIntoNative,265458
1,new,StencilIntoNative,250236
1,old,StencilIntoRef,247767
1,new,StencilIntoRef,235643
2,new,G5NativeReport,4076
2,old,G5NativeReport,3720
2,new,G5NativeReportHand,3448
2,old,G5NativeReportHand,3151
2,new,StencilFreshNative,346923
2,old,StencilFreshNative,280057
2,new,StencilFreshRef,311113
2,old,StencilFreshRef,276526
2,new,StencilIntoNative,185394
2,old,StencilIntoNative,182851
2,new,StencilIntoRef,203060
2,old,StencilIntoRef,202827
3,old,G5NativeReport,3705
3,new,G5NativeReport,3884
3,old,G5NativeReportHand,4181
3,new,G5NativeReportHand,4404
3,old,StencilFreshNative,512892
3,new,StencilFreshNative,562476
3,old,StencilFreshRef,545964
3,new,StencilFreshRef,517375
3,old,StencilIntoNative,279430
3,new,StencilIntoNative,278226
3,old,StencilIntoRef,283934
3,new,StencilIntoRef,283404
4,new,G5NativeReport,4878
4,old,G5NativeReport,4676
4,new,G5NativeReportHand,4557
4,old,G5NativeReportHand,4185
4,new,StencilFreshNative,377120
4,old,StencilFreshNative,390231
4,new,StencilFreshRef,364874
4,old,StencilFreshRef,372548
4,new,StencilIntoNative,200833
4,old,StencilIntoNative,200146
4,new,StencilIntoRef,201219
4,old,StencilIntoRef,211166
5,old,G5NativeReport,3722
5,new,G5NativeReport,3758
5,old,G5NativeReportHand,3958
5,new,G5NativeReportHand,4175
5,old,StencilFreshNative,380571
5,new,StencilFreshNative,497805
5,old,StencilFreshRef,500236
5,new,StencilFreshRef,526984
5,old,StencilIntoNative,280361
5,new,StencilIntoNative,281849
5,old,StencilIntoRef,281852
5,new,StencilIntoRef,271792
